time,ENSO,NAO,AO,MJO,PDO
1979-01-01,0.04282900503660348,1.0873718025302859,0.439934375171642,1.4387884577480765,0.9418128466388855
1979-02-01,-0.4265118094515189,0.5053286314367202,1.008147072136381,0.1856344980315796,0.40661310405825796
1979-03-01,-0.07770336897591107,0.691949927630029,0.17158558657480327,1.0051994858655857,0.7466947409286047
1979-04-01,-0.1300612486785483,0.6601759727892498,1.223263789930917,1.5135953002471407,0.36673195321712465
1979-05-01,0.6893086491216358,1.0605383004988367,0.34983648173196735,0.5614265539118325,0.4500193828763662
1979-06-01,1.0680748571855785,-0.031854703711362786,0.455888728819536,1.6209840475839312,1.2149578382644262
1979-07-01,1.1638311021357526,0.7434750876016478,0.5040699333364628,0.8337809165762772,0.8587743506831106
1979-08-01,1.0522582774372988,0.5173104330118478,-0.03490010632751439,0.13967449486230188,0.4130092576505119
1979-09-01,0.855482791042401,0.005428384620297112,-0.09429213685012217,0.34125599816322577,1.0133957597073384
1979-10-01,1.307599085613452,-0.12063570560751193,0.32798465941066285,0.04089944793583955,0.5617661469930293
1979-11-01,0.8335594257629512,-0.42638321527829515,0.055007522906274975,1.0668085907713993,0.8276276629418466
1979-12-01,1.5387257550678732,-0.5322921158869932,-0.5742336109612439,1.314708187097147,0.6993570357103769
1980-01-01,1.1853412511252162,-0.9342728087946499,-0.1484173016121632,1.6702151277902986,0.6768812598452039
1980-02-01,1.4599979520042443,-1.1648815738317353,0.03899375267682187,1.6754498669911266,0.6139439315669606
1980-03-01,0.8998722966982653,-1.0323205566233484,-0.9255605657014483,1.796430005594347,0.8724135648218305
1980-04-01,1.2222888729685168,-1.175176565594838,-0.5665574605339838,1.1433540289163202,1.064408010341476
1980-05-01,0.8766532566633326,-1.1451278480359393,-0.9512741577488399,0.09457629407452413,1.0821793624909735
1980-06-01,1.0651771097953933,-0.9232664107383471,-0.6512981560151686,0.6754294411904043,0.8435659222368087
1980-07-01,0.6304121927442936,-0.47879026421612203,-0.8335815725515899,0.871002506665964,0.5558514531222751
1980-08-01,1.140799685905891,-0.6700368206112934,-0.9206384157971217,1.5274156988054721,0.6341829611742617
1980-09-01,0.69244427679649,-0.2945052770597497,-1.2499924085189271,1.403678337078659,0.71787689581095
1980-10-01,0.5994906766771484,0.3862360698257606,-1.1469560211380858,1.257393614778979,0.491788839102111
1980-11-01,0.5095441974114012,0.2800880097177425,-0.9349290847411424,1.4962828177644125,0.8129901072651642
1980-12-01,0.22890234932068046,0.29948386800758636,0.2491958779074275,1.2676078682630108,0.5462890555397639
1981-01-01,0.959498861508276,0.5486757125263856,-0.17571477309464373,1.161349366333911,0.13449493125364254
1981-02-01,-0.47026896468536306,0.6319984526869898,0.641794357033675,0.13786725381153725,0.24860360870820014
1981-03-01,0.12215602283297447,0.6500608524634481,0.6673840737115226,0.8777884032275293,-0.23499696807690362
1981-04-01,0.2151558256800301,1.3014325901527384,1.151288733391791,1.4274221081804597,0.0060607593080278495
1981-05-01,0.03902733399175479,0.7529676417420135,1.2703801026974448,1.4412066287400183,-0.6670483806670795
1981-06-01,-0.7627996651133993,0.29003127087960845,0.8142921229757841,1.300688958240067,-0.3133251908365501
1981-07-01,-0.08282570276542378,0.08859774584951008,1.3027580701699537,1.4873562103349545,-0.18467347543553903
1981-08-01,-0.531630335863525,0.6982794156695974,1.188034067750887,0.9607977146346856,-0.7811535446870084
1981-09-01,-1.136326546863844,0.3634237483923739,0.869692429945766,0.907149009922176,-0.5786737369225495
1981-10-01,-0.8582812873320815,-0.6253849240819076,1.3360933666135828,0.9388957853840272,-0.8641518933401575
1981-11-01,-1.4211424667481183,0.12205013286067454,0.3546712440892837,0.8103677359156521,-1.126057638246428
1981-12-01,-1.2467975040637849,-1.01926463336716,0.32411702930493214,0.14413950235583395,-0.9426847716020212
1982-01-01,-1.7183873712143432,0.5656129809630446,0.5814996679353587,1.2350274160991246,-0.6507460962678625
1982-02-01,-1.0152626667715687,-1.0039169879245458,-0.15304168866034337,0.273267583633789,-0.790424970859087
1982-03-01,-1.1918070662818894,-0.42828213773791407,-0.1723022898322909,1.5266679521917914,-0.551057420254715
1982-04-01,-1.0016330939088738,-1.5233238069050907,-0.30700786638724353,1.3495569056942056,-0.6189584698599095
1982-05-01,-1.2136292785444707,-1.1448730669002227,-0.49381671250418474,1.7615836110699608,-0.6331009168813938
1982-06-01,-0.9744075657566712,-1.0288983125670093,-0.6240721882506505,0.4258630326001851,-0.9306557960076951
1982-07-01,-0.8160954197403162,-1.384869997641797,-0.7947995999230824,0.15845779024615225,-0.5669229466632767
1982-08-01,-0.758261418633337,-0.407019084462628,-1.7947402209286492,0.46286800899324976,-0.8053909837740021
1982-09-01,-1.2818182764209243,-0.08076032422020485,-0.9607814356084131,0.9609788819055286,-0.8633423396974673
1982-10-01,-0.5901296007127956,-0.4276702224445017,-0.8750295938279524,1.1028911383872668,-0.7277219694400655
1982-11-01,-1.1218603674366396,-0.5369385216060563,-0.8050401829537387,1.680675741578006,-0.48568530317786346
1982-12-01,-0.8785425596867842,0.18220513934608754,-0.6245168344992186,1.7739264934713133,-1.1234743626497903
1983-01-01,-0.49169334572046663,0.33101724031600577,-1.0465704274930525,1.8657987746948017,-1.3911752596101543
1983-02-01,-0.517167882835061,0.4394767866021734,-0.4859766110138384,0.3260316145442177,-1.114477587730581
1983-03-01,-0.7106841293211044,0.5063850112617546,-0.20048041510179215,0.6027117409069886,-0.512794342932601
1983-04-01,0.4446639009733671,0.46684073265327075,-0.45034616848138276,0.048645726746107315,-0.6876361416728508
1983-05-01,0.5107083863743419,0.5888682601965114,-0.3483577545189416,0.7233058225360072,-1.0270596477582528
1983-06-01,0.07903751109691604,0.49984704798762264,-0.20765384174853935,1.4154171264553475,0.03260099764476854
1983-07-01,0.3658669345709364,0.6267948897003318,0.9296309426409156,1.2805682764634572,-0.22999290478091014
1983-08-01,0.051086037249875926,0.7121271591440993,1.029971661460872,0.7498726187953927,-0.22678485547403385
1983-09-01,0.9111721766338352,0.4559624401218876,0.6748141838699973,1.0992301254680361,-0.10248429950021573
1983-10-01,0.4723597840769105,0.09407057657201906,-0.019834785175175118,1.6366476547868936,-0.31803703858835874
1983-11-01,0.6569649476312869,-0.34262532702199994,0.44480219877160093,0.7563028037125985,0.09674221798144839
1983-12-01,0.6409121505738109,0.6546373744685585,0.49418318767471536,0.23678706430248359,-0.1342051778076881
1984-01-01,0.9806409905562813,-0.34920938087233244,0.38353155525124843,0.10238443229469552,-0.07407491423505502
1984-02-01,1.0346712085246759,-0.12127699770603506,0.6371267421725898,1.487731602781087,0.48061288704363025
1984-03-01,0.9725778676108057,-1.1255578450389316,0.22013205071759734,1.7459235649677112,-0.17992243250070622
1984-04-01,1.4063758672907056,-0.5870061432745345,1.0815161350406859,1.448852500419956,0.5306995587140934
1984-05-01,1.0780939644158902,-0.521003426091302,0.29791831727485,0.6872770255381457,0.7659623761864323
1984-06-01,1.304670829188635,-1.195870017674662,-0.33032519397625776,1.6614519404729933,0.6947182103109867
1984-07-01,1.678868417831096,-0.667763665694633,-0.4875180498414523,1.6450081153051597,1.076059386857168
1984-08-01,1.8380973229591264,-0.5700067209436269,-1.0530771783151955,0.1511239456946355,0.9436315313817234
1984-09-01,1.0773725888305188,-1.2480767157484944,-0.5950002970917487,0.1674375426517304,0.49979875829204745
1984-10-01,0.6820780931955466,-0.6346391423155464,-0.8601868646441031,0.8518393798664234,1.003991219896139
1984-11-01,0.9976785536160779,0.02034120696449604,-0.7959198311161365,0.9868500757473131,0.7449540064846247
1984-12-01,0.6074474596392788,0.12478559706460507,-0.6943045208074106,1.6066810398460243,1.2098596237189618
1985-01-01,0.12522079081544224,0.3231340295316195,-0.438782531658616,1.6507663528434247,0.4170271505366726
1985-02-01,0.7987215487562377,0.3008880683106365,-1.3212902449681192,1.100165145413621,0.4459031116199365
1985-03-01,0.8899900217300477,0.411523486403045,-0.6380484910188918,0.7492275165896772,0.7246295655858237
1985-04-01,0.2557582388463754,1.191084059094862,-1.3951467941696467,0.26562191006336305,1.1155619488705508
1985-05-01,0.0469800832553911,0.5150691533020504,-0.41891189549142116,0.2756474156731747,0.9370547988512133
1985-06-01,0.6322395707650975,0.6083314517055003,-0.08731025487645691,0.6845377196102078,0.7414527594790108
1985-07-01,-0.6690380499942461,0.637493445838366,0.25273909789283666,0.706115299273352,0.9021039893833012
1985-08-01,-0.05417057447402221,0.6733607349287225,-0.2402536281909217,2.092867780356696,0.6383770036644298
1985-09-01,0.009909347223529208,0.9369155456667009,0.683163914223293,1.7520292706158132,0.9707129677814857
1985-10-01,-0.9518735381295178,1.3204386879098773,0.9795679735453714,1.084804736802113,1.4798887195012744
1985-11-01,-0.7045753831527223,0.19168243096835497,0.6439718543981932,1.667513913552461,0.5016469698966737
1985-12-01,-0.6206100967785292,1.0594139275024954,0.9475846293132153,0.4808642676282031,0.323089237059172
1986-01-01,-1.3062601897257329,0.14475499075346082,0.5254360411739762,0.9045637249551786,0.7751537703722572
1986-02-01,-0.5546108710448926,-0.5158754170842482,1.4148744810126936,0.37950312709899653,-0.2652746090664222
1986-03-01,-0.9305689642647549,-0.24478717578384063,0.9895612854339664,0.7673730608010711,0.8005665556835189
1986-04-01,-1.1677969953556566,-0.2691138158318284,0.9523177523033172,0.9059608294729353,0.4617993830061824
1986-05-01,-1.0619471089158168,-0.6166952957828289,1.0609683424907763,1.180926838019654,0.1322197965733229
1986-06-01,-1.2627300097310687,-0.8133268562810737,0.516582717024811,1.8064599915329853,-0.35652710764754114
1986-07-01,-1.0253230772696762,-0.6290105392277188,0.9690884319010444,1.997808935020732,-0.1772991806078736
1986-08-01,-1.3583061773980643,-0.7219803309176768,0.23299271493932824,1.0352758097297161,0.5339791136489689
1986-09-01,-1.574207210397451,-0.6573800489822523,-0.29604900482714525,1.7114891229639215,-0.11147923120783913
1986-10-01,-0.7513610454148016,-0.8827391536379084,0.045607193257381606,0.9755699817252533,-0.19452547469416173
1986-11-01,-0.9996630501519196,-0.6492029993696546,-0.3753663597121624,0.04682712026708738,-0.06088601606893515
1986-12-01,-0.6556822344634634,-1.3464797393688774,-1.2973110881811645,1.396793470958392,-0.7456529177724847
1987-01-01,-1.1415859105796173,-0.9623407507198098,-0.5171283608359106,2.0893728101309224,-0.006095870384136781
1987-02-01,-0.8297118760015898,-0.5753541371067837,-0.23492024087751273,1.6721316017238157,-0.9670486824750362
1987-03-01,-0.3450342940564479,-0.167083621498624,-1.155721108840118,0.8756207150950829,-0.31682727734402494
1987-04-01,-0.4842261566304812,-0.1194186439559076,-1.4728052094076225,1.4014543753540414,-0.5344618006446654
1987-05-01,-0.2236417522977443,0.6250847735147387,-1.0188652945160377,0.062436937178513396,-0.385436993853268
1987-06-01,-0.9013352371098837,0.2321037270895991,-0.759244486169844,0.07774851293395846,-1.0031616237236627
1987-07-01,-0.8327774306890912,0.7577399533821235,-0.3740944147178386,0.6026826035415348,-0.5266695438718594
1987-08-01,-0.9199259272776027,0.7706752380496912,-0.9126291273918713,0.5672528846018353,-0.9380933602694731
1987-09-01,0.042689121307558836,0.7538835782272587,-0.1297042264037308,0.7377485249256033,-1.0652017817386283
1987-10-01,0.0531399976822276,1.4120734062078335,-0.8577905901019919,1.4093159988588198,-0.9479984192953784
1987-11-01,0.4321546802583661,1.2823835069048133,0.10860838767287818,2.2887306370904534,-0.7654713972303304
1987-12-01,-0.09732046799783378,0.06538160115339986,-0.5825054916885546,2.0797812058681013,-1.5524048488157463
1988-01-01,0.9552154768250911,0.5469048260425862,-0.017844984755497673,2.1700178648191573,-0.7462403836731824
1988-02-01,1.1997545200073363,1.2638434822723335,0.2478684275296924,0.7127743907209112,-1.217274321764325
1988-03-01,1.103403209974333,0.6298986583044373,0.9833990638542037,0.621177692094636,-0.8669144583580103
1988-04-01,0.8776099213190205,-0.16542456187739468,0.8593644180403018,0.2930516861620983,-1.0401328921394342
1988-05-01,1.297768998159264,0.09182590846644423,1.5148198088931137,1.0093159953809072,-0.6205268037250952
1988-06-01,0.5510998530211506,0.08717012123348444,0.8979680622802272,1.1768218158502879,-0.8057995196660896
1988-07-01,0.9476510627754253,-0.5797826353288486,0.8349996149609884,1.6696655749679867,-0.17418121359445682
1988-08-01,1.3808260754214463,-0.3097693446477969,0.8783700878607912,1.6104771556548938,-0.3180914989880689
1988-09-01,1.3627842280791156,-0.7195439041293362,0.5659962287395937,2.003863246390805,-0.5476462544169448
1988-10-01,1.0875114078397343,-0.6129351871930274,1.0030865914739269,0.571932059771935,-0.23709960240943612
1988-11-01,1.002172014593744,-1.5903368083021396,0.40327407373931634,0.47303379256292116,-0.05319366921891627
1988-12-01,0.7375180303822106,-1.264264913543146,0.06931103072561988,0.9000597959903752,-0.357284805694608
1989-01-01,1.7761280341800254,-0.5190244058502195,-0.23774379048682276,0.05231286754634179,0.11199610580039515
1989-02-01,1.2793898495133815,-0.9088717049648336,-0.448478948161479,0.7878204767015478,-0.5010033961678693
1989-03-01,0.6208937841148429,-0.4873316853942754,-0.5211814366746448,0.941095097185723,-0.03422729356045798
1989-04-01,0.5770681059414047,-0.043647283400792436,-0.2729434628164882,1.1355032705644421,-0.23113168009833493
1989-05-01,0.9805561691471414,0.14334891883525072,-0.964523491340621,1.957098105247674,0.06789640827863634
1989-06-01,0.2693313908631161,0.13604003040250653,-0.701781358048115,1.440021958493961,-0.3326527451390813
1989-07-01,0.6239841538392991,0.27256786834225466,-0.745356240272699,0.6913614871449842,0.3389132956410664
1989-08-01,-0.11194262194249466,0.773913418562034,-0.3492389406478257,0.7693697236095375,0.49094476767953854
1989-09-01,0.27752565179912037,0.9102889106684849,-1.3404112180832515,0.2716386151180685,0.0837393986452929
1989-10-01,-0.270780131151388,1.2141752784989275,-0.7361292469111724,0.5987458420828139,0.2908187952713778
1989-11-01,-0.5677655417732808,1.0482639411819632,-0.10581702215539679,0.15200340210768504,0.11274876189537136
1989-12-01,0.3317290301457896,0.3385552909468145,-0.32580138896033917,1.365181924058383,0.14338519343435246
1990-01-01,-0.47503714245954154,-0.05115935621972434,-0.008018047632326636,1.0905086682408487,0.6937300770781399
1990-02-01,-1.2262413955892852,0.8477516511114676,-0.36619410920667,1.6744914176069348,0.8702644617134808
1990-03-01,-0.2259121156115108,0.2804845254472913,0.23727295410660904,1.2571414271860468,0.6930958472705837
1990-04-01,-0.6633370126901157,-0.03339560817053788,0.09093255723911164,1.1587237029980124,-0.17642776584122988
1990-05-01,-0.6659331597342727,0.290424995220678,0.43084181751647155,0.6823559568830972,1.356202752144302
1990-06-01,-0.9967723700425235,0.42843062345532573,0.38806482217952987,0.6049644222173594,1.1565872893891003
1990-07-01,-1.2201634337944811,0.8008486443333303,0.653887553986921,0.8813702637206435,0.9686033110209677
1990-08-01,-1.1466040268459057,-0.3509806631733978,1.2038845239106686,0.897516055571449,1.010823567648018
1990-09-01,-0.857159209651678,-1.4068249623077742,0.903251712838448,1.3843131774188326,0.7718650417724578
1990-10-01,-1.2973328494651526,-0.2526626959683754,0.3507072159793254,0.957171146439306,1.6393507920593402
1990-11-01,-1.673720018112428,-0.7438757357989949,0.8472008953821553,2.294478972798701,0.30078015852645834
1990-12-01,-0.9870442378089742,-0.6936422961909878,0.8521787777198884,1.8276873419857007,1.1847234087257434
1991-01-01,-1.1289668804836444,-1.5418549799203243,0.030464113371106882,0.04663349874917133,1.5336895385949205
1991-02-01,-1.138776140167079,-0.5474207455688516,0.3693645088058397,0.018064057642227314,0.9076521628211589
1991-03-01,-0.9241821445604166,-0.9259065015468386,-0.19699249872054714,0.28381364913576496,0.49536983047700023
1991-04-01,-1.01095428793185,0.053761587322410986,-0.6385682083743953,0.6837676813163087,0.7824158375864554
1991-05-01,-0.6114086861243598,-1.0650619895782314,-0.5800742911923532,1.6638143733703157,0.5611516143247481
1991-06-01,-0.7179364711695598,-0.566471025221146,-1.0983054461960453,1.8082368841268501,0.4878685130252626
1991-07-01,-0.74533510638834,-0.015095613965815727,-0.25159571872947334,2.0828833861965634,-0.0333312713337629
1991-08-01,-0.17962543305571943,-0.04344284921107017,-0.8281823163441511,1.553366931690721,0.08575848181372953
1991-09-01,-0.9062295291166622,0.2599844268330993,-0.43805516598640476,1.0296646465237926,0.9330900547963132
1991-10-01,0.07081096268903678,1.008599097509075,-0.8166877179114683,0.8860545807131242,0.14071240883729275
1991-11-01,-0.7017049320355948,0.7141846279632295,-0.7683538962012012,0.2009623212248484,-0.21096071824429125
1991-12-01,0.028184932187353635,0.3880618419741936,-0.6930365870753953,0.24639911786858515,-0.47269396466159846
1992-01-01,-0.17713704234478114,1.4587235332771922,-0.48106230806122163,0.7869299424964411,0.17641343726062209
1992-02-01,0.32242139722421503,0.6234721922143449,-0.2709513811220865,1.7311538149310262,-0.22892685641613797
1992-03-01,0.10600125624995288,0.3415343461686453,-0.3825411371173211,2.4168591871848495,0.07201092549859822
1992-04-01,0.7797477367743062,0.35007991067615685,-0.39948257074219096,0.6663097448542527,-0.236392181015332
1992-05-01,0.9759821557403264,0.037844728457069765,-0.2805156627108345,0.17443001350884568,-0.3045768222621471
1992-06-01,1.1625035691904482,0.557995368341397,0.016972670025768244,0.8601776507222099,-0.45139031178819394
1992-07-01,0.7662394298189865,-0.08157252641962796,0.20851969702839324,0.3223840042504438,-0.000497116941197917
1992-08-01,0.9243726638091881,0.8078981087245413,0.8280297507121114,0.9600864300603513,-0.8735481456363545
1992-09-01,1.7128718354144858,-0.2063235272470989,0.09826344831113643,0.2693038508490697,-0.49965701341909097
1992-10-01,0.780122000114672,-0.7252603427624638,1.038868199925186,1.173529680848822,-0.7214942926814008
1992-11-01,1.065785585771515,-1.2656958639374976,1.2706328312261874,1.8410776941067692,-0.31729644291037856
1992-12-01,1.240858570678906,-0.8571581246215094,1.1223487995882075,1.5722888569794242,-0.6200760452787484
1993-01-01,1.2646019963970492,-0.9605027253778489,1.4541996888136959,1.3851033404413442,-0.8077549530148007
1993-02-01,1.3089815618154004,-0.13218213051955308,1.1464949563695765,0.5684316071580503,-0.6324037828235752
1993-03-01,1.3477332772811845,-1.021604733791376,0.8138886137699302,0.4344501021800161,-0.7301881846990861
1993-04-01,1.2254926699390374,-0.1640873813612589,-0.08869540136066656,0.22260720915311122,-0.8877521687247143
1993-05-01,1.137388167726868,-0.31434105241841687,0.017633957511226844,0.580392664673923,-0.9160464282329674
1993-06-01,1.388069809126241,-0.9733962989295823,0.810724618101763,0.8531815162406109,-0.5789318463716538
1993-07-01,0.7658616748822908,0.2970255671926969,0.10916154532241062,1.034141426485716,-0.9755132258339424
1993-08-01,0.9068609459440271,-0.22387400386055895,-1.068995135781737,0.9535975874619153,-0.9172356074366627
1993-09-01,0.5096410450463521,-0.45101867491013825,-0.6041853870562858,2.062808480286062,-0.4293951206876381
1993-10-01,0.2179046556894596,0.6629280217434332,-0.5493075658206596,0.7797329712597466,-0.1363560313882083
1993-11-01,0.22741620165826,0.8531738168486442,-0.5672504665198963,0.837637283778713,-0.7115247400939012
1993-12-01,-0.02422386918304581,0.3388023737975995,-0.8191908801806369,1.3334752178144087,-0.6129196884241265
1994-01-01,0.334185576673237,0.855200350826,-0.32654428231573873,0.36421524169682484,-0.2982099924250355
1994-02-01,0.4723315843982128,0.537433820997199,-0.2368979085098457,0.8796496657715629,-0.4826524562985509
1994-03-01,-0.37513799236716316,0.6189733515675326,-1.3011934223681196,1.3590395063844027,-1.1708151668279365
1994-04-01,-0.07862203627794051,0.5285057032405601,-0.43936742348467217,1.1852196161719428,-0.1697529769177087
1994-05-01,-0.6327129173656565,0.750316930772243,-0.41459036002952204,1.5730134896146115,-0.27370789743178114
1994-06-01,-1.0834789471418353,0.4470527268988405,-0.5001743172119163,2.080972300835276,-0.6701263758619828
1994-07-01,-0.5065673913132874,0.3201665626506092,0.239210451454202,0.7421928913280236,0.044317494332771545
1994-08-01,-1.2034163056631293,0.29861993157115435,-0.03989419442371141,0.20070831106690495,-0.23597045282767587
1994-09-01,-0.9632629831056831,0.11431882120936762,-0.48525291769551243,0.21535355652948063,-0.024582637539478168
1994-10-01,-0.615651112446119,-0.4577413459386473,0.7522809126745282,0.6043222959128929,-0.004497758610980465
1994-11-01,-1.7073226458938477,-0.19884693907399473,0.06519165437914065,1.1765617681511085,-0.17628707782448447
1994-12-01,-1.1690313676468853,-0.7067074011973546,0.0900466668388562,1.3570467497368994,0.305919297300666
1995-01-01,-1.2406832438177111,-1.111891731961388,0.5794557361397494,1.1672098746467368,0.15008095850147352
1995-02-01,-1.4661913294954914,-0.6341010892778394,1.6075889959628737,1.765637150874245,0.5727664972369068
1995-03-01,-0.9339621206553206,-0.014480120676226171,0.4809457868972815,0.40884879202519975,0.4782196463930081
1995-04-01,-0.8853210727435576,-1.0211510963455426,0.30282032543021875,0.9733740694060873,0.3424470186476803
1995-05-01,-1.0411489997715735,-0.5771293166353473,-0.1098544636942923,0.8200022043966437,0.657932004387494
1995-06-01,-0.8042846782863518,-0.535563864554593,0.586967268130494,0.8030590740464892,0.8342127544176953
1995-07-01,-0.9530447156478249,-0.3812399558152014,0.1291155017606861,0.6038947927869078,0.8367086349607066
1995-08-01,-1.277100982647029,-0.05340144661516316,0.6572902340995229,1.094834397994667,0.7610244372091786
1995-09-01,-1.0536429084600336,-0.3191014543342513,0.5132398794612928,1.8646522715031275,1.0662903474860366
1995-10-01,-0.8331368820214946,-0.6253708101126012,-0.16729636287360627,1.7285378773918212,1.0108898620529978
1995-11-01,-0.6479447831027805,0.29874377370890953,-0.07649320329738407,1.9652442493971531,0.8799495254372905
1995-12-01,-0.20387732165644487,0.884081792407992,0.010089065326988056,0.8360557263554539,0.6676397070851166
1996-01-01,-0.32572182801138805,0.30807447863582316,-0.41582017982063263,1.3599643808158133,0.8955573125428251
1996-02-01,-0.21055998257336228,0.4584318750353512,-0.825293502232854,0.6349669849407493,0.6096939920358853
1996-03-01,0.6037002981656278,0.23822354236410226,-1.061405183637615,0.7680754749048966,0.7349381813353157
1996-04-01,0.4070743017612086,1.3186395175495063,-0.5576322858634819,0.33156926903003714,1.51449646164856
1996-05-01,0.2332406409408353,1.306585816865545,-0.8190157025165677,1.7692242847596025,0.9370327725022893
1996-06-01,0.18578443536371456,1.4089547552120374,-1.2908044812412156,1.787420493863723,0.6993038100391604
1996-07-01,0.4841969123746193,0.35878387815612817,-1.1356192162166923,1.967428977509428,0.8106914439114616
1996-08-01,0.8859691143099202,-0.41092429649559437,-0.11341579507260285,2.194847216972291,0.5936081246725169
1996-09-01,0.8236604411358128,-0.2587516381957819,-0.4986907116790265,0.7819011833181114,0.844115679217901
1996-10-01,0.8623752216534352,0.30286905741667824,0.1100140457843459,1.065213964933489,0.78539188358601
1996-11-01,0.5612094996760895,0.17897549423530348,0.18350222486353726,0.23039857411990222,0.2586764324545241
1996-12-01,1.2662632179949758,0.20953719721207237,-0.6385510001710955,0.2916247063077736,0.694166521696193
1997-01-01,1.111672933601349,-0.9347564717793282,0.49220640955352235,1.847717711876325,0.6388546903596867
1997-02-01,1.8995561583182963,-0.9430462772613862,0.16021348689480186,0.7326373378773713,-0.129020083320379
1997-03-01,1.3877210872331944,-0.49082267327750284,0.27668378073201727,1.6804211418547914,-0.34538254911537714
1997-04-01,1.2156238197952494,-0.6568408367842005,0.7942451401502685,0.7465235871536912,0.40436332898198846
1997-05-01,1.2691781743022643,-1.2103548846825056,1.1529951169986923,0.8243079191422074,0.5794547855886015
1997-06-01,0.9536752196914213,-1.5043450088126973,0.1812723528158231,1.0024635355803355,-0.8252963992653545
1997-07-01,1.1106899597748083,-0.5844769336826992,0.37885136208132064,0.12355944204176554,0.07446771756088097
1997-08-01,1.2591848258909364,-0.2908945440535883,0.22331646094150226,0.4973925114042006,-0.3051491111295552
1997-09-01,0.6691536864241623,-0.17919627584401765,0.3131509867906145,1.05362822225347,-0.5861115740574634
1997-10-01,0.9844762813877539,-1.1924370691415804,0.6564113386915672,1.1290506752041571,-0.5161221498258377
1997-11-01,0.3328202999680035,-0.7048982112357643,0.48298302712491004,1.3335161947161829,-0.5533131483481164
1997-12-01,1.1964302733283652,0.25322977451315454,0.5678159631136528,2.341377909642631,-0.3924000198292676
1998-01-01,0.6186757099940108,0.4627189364002918,0.012296048794675801,1.822091477243233,-0.779587367924582
1998-02-01,0.38213340267532553,0.47776450333118514,-0.9346546722476801,1.205972894282171,-0.309618922198784
1998-03-01,0.23283219085406723,0.5694071515284022,0.16587859174781439,0.10051855670795729,-0.6783522615659547
1998-04-01,0.3540073923942793,0.15808227918134832,-0.31609441812129113,0.6893757334113767,-0.661772545634747
1998-05-01,-0.14242626933783645,1.1607346211906213,-0.7327234239763015,0.5969837021332125,-0.9197152751526172
1998-06-01,-0.10794293261922729,0.44971975251160445,-1.4475421548623661,0.41498882599638665,-0.6780023882912876
1998-07-01,-0.4937759624741766,0.7706174355828185,-1.3362283495191427,1.487422401765587,-0.721136386394579
1998-08-01,-0.086742531775172,0.4159799137941284,-0.19574992269476976,1.154326308860873,-0.7039857952418553
1998-09-01,-0.8630686476472087,1.3542502783956634,-0.883438179387113,1.7965567070471173,-0.8195986773665526
1998-10-01,-0.7754525914589955,0.33643778277313285,-1.1706425812536856,0.5492651068856667,-0.8609272281231004
1998-11-01,-0.8281121969372172,0.7594526490155402,-0.732567558421333,0.7971624332703199,-1.08548840256683
1998-12-01,-0.6143148650801411,0.30561034398794895,-0.16213334477104155,0.9790830285801766,-0.9726769308727192
1999-01-01,-1.04824353967054,0.145094031055468,-0.4725161917489631,0.29285497780000347,-1.0871327134284685
1999-02-01,-1.112367873468614,0.3693465588893458,0.4459513886907207,0.398054293089523,-0.6855000787403582
1999-03-01,-0.7208154349283317,-0.18978025266927412,0.022401582472596993,1.494835026018202,-0.7319826810490233
1999-04-01,-1.3776992328118978,-0.8632812654554887,0.09473745490708524,1.7205699842386228,-0.9655121845154632
1999-05-01,-1.1196471959932428,-0.7060901164729363,0.8323172503978277,1.514753740149092,-0.6859303507716362
1999-06-01,-0.8344011725827977,-0.4732714556979611,0.4245193514783947,0.9360318843490403,-0.8986996286772199
1999-07-01,-0.9150946499644836,-0.2732489290244553,0.6025743238193506,0.46707303601335215,-0.6023121896385578
1999-08-01,-1.1345247769661366,-1.241183521739199,0.9652162939947247,0.5492582616140804,-0.41503787747662635
1999-09-01,-0.7183228367660501,-0.8673085794700685,0.823352790049616,0.47760782717165984,-0.13951356476125282
1999-10-01,-1.410773828776024,-1.0284584445667033,-0.2082230475744532,0.3074776726848587,-0.08997506695066274
1999-11-01,-0.7033503910659799,-0.2630559843666166,1.1963451452478027,0.780297903972423,-0.44051453425184023
1999-12-01,-0.44739268945802496,-0.14882801573619805,0.29674244960133295,1.6768136426649116,0.4273857286020215
2000-01-01,-1.153786046236554,-0.4866653324905396,0.8901548591149617,1.397376930616343,-0.017809461716686424
2000-02-01,-0.6786589669697596,0.6855504807347598,0.37233534743589547,0.5350957233771413,-0.6668116674540969
2000-03-01,-0.45705352951443556,0.4743545526938383,0.7692259907441898,1.310566984959524,0.38951768634260114
2000-04-01,-0.3690832508292186,0.7989386285773219,-0.05965122835468676,0.440233149413662,-0.16588434739030739
2000-05-01,-0.316079408845934,0.43676300137918395,-0.6736561930003107,0.9651374732616167,0.4436183927127331
2000-06-01,0.22896599662532507,0.7741653057427154,-0.7871024483306284,1.3870194311148467,0.412610200356581
2000-07-01,-0.279339126956288,0.8949894025978732,-0.3030401679022714,1.0830384604056007,0.6261153299789213
2000-08-01,0.7063833386251439,0.6546183979920362,-1.233205539081651,0.7204705332404192,0.39537862438434945
2000-09-01,0.36446803233193165,0.3043382647153335,-0.22064156509646748,1.453484385861457,0.5845900872238476
2000-10-01,0.5870284986567821,-0.2386112996658789,-0.49831338876326114,0.9412049811759073,0.4769111088689659
2000-11-01,0.734428890529046,0.33128235448699433,-0.7316476397139713,1.4308046685914666,0.5841170590506863
2000-12-01,0.47153793970253133,0.37155102681996083,-0.9389294643832573,1.996986959889892,1.0332208613928948
2001-01-01,1.062074467396036,0.6705972286675103,-1.469844622691241,0.9246654288381971,0.7768648887636098
2001-02-01,0.9575216032872274,-0.1422307637958256,-0.9109466179939711,0.18035077368595445,0.5698744021334334
2001-03-01,1.215237897613773,-0.4443800595674967,-0.2787425364919838,0.32304129713590823,0.8537440566432013
2001-04-01,1.167400914438238,0.2822224767036453,0.15846317648519923,0.8544128962180291,1.4904756764291438
2001-05-01,0.7978819847314556,0.24885690078280676,0.05723321319576156,1.2807567589699704,1.1048448763630239
2001-06-01,1.152970466607658,-0.6818784829548069,0.6497400148092962,2.193935701859748,0.9945299946891479
2001-07-01,0.9959956186700538,-1.0495604070175417,0.2911210892359442,1.2663542722255485,0.8940636085945555
2001-08-01,1.2018783766915706,-0.3231332050543651,0.10245435687173432,1.1755610014870457,1.1619146196456809
2001-09-01,1.051518771466018,-0.9972415265166943,0.726198905615113,0.6981096916827036,1.238349150509043
2001-10-01,1.2661990838331627,-0.2740610428666786,1.263944983603055,0.2527469410147164,0.23909805011734409
2001-11-01,1.2777807733354472,-0.4374146686279043,0.49285889071216993,0.1282435111158211,1.086291240730026
2001-12-01,1.2192254728677276,-0.9866461568354821,0.9155209223419127,1.1119973572288888,0.5372163515585886
2002-01-01,1.1197667754801668,-1.1760347658789283,1.0584954960434083,1.624038664660139,0.6681615445232805
2002-02-01,0.9413028431279011,-0.21259441674057875,0.9864393506473118,1.6333348700780757,0.8811578816507928
2002-03-01,0.6063333453195151,-0.7904291598917181,0.9073719805200435,2.2384041884649695,0.39073466106009624
2002-04-01,0.8223355746499503,0.1266284888326615,-0.03707801655288001,0.8069336837460944,1.067274558074099
2002-05-01,0.6280259698425585,0.28085806539903463,-0.017260357275993676,1.1263472024512717,-0.1617648888930684
2002-06-01,0.15154937938849006,-0.1705432024211383,0.023284680865245114,0.3045012576419498,0.4790883661846099
2002-07-01,0.36443098107876587,0.7791809053552885,-0.3150982376131657,0.6020638563434237,0.2053425496953948
2002-08-01,-0.08162537949465373,0.8956424874605686,-0.5655751624666201,0.572989512503435,-0.15873818912460846
2002-09-01,0.05388347092801003,0.7814875068998597,-0.14871737752164343,1.2786940091389116,-0.24738614383856744
2002-10-01,-0.46213785135958674,0.736118494981352,-0.43183708164538215,1.0206613768837518,0.3461466267181438
2002-11-01,-0.024068632522611988,0.7924940695912854,-0.7573044083237918,1.55511637159096,-0.39171245322073733
2002-12-01,-0.139786840845878,0.4210439500586847,-0.5828528878786541,2.063680319066733,-0.1316773399621025
2003-01-01,-0.05276473742362531,0.5273565379454602,-0.9202040282309815,1.3838510702216151,0.2527474357395551
2003-02-01,-0.767867031452444,0.19970977840078297,-1.317907708629483,1.2223755033999835,-0.005755927262784455
2003-03-01,-0.6884639063966015,0.007411594181724185,-1.3994785389025748,0.7039219187702943,-0.5580739999126029
2003-04-01,-1.542520429715259,0.5486633493539179,-0.783526569610395,0.02480066116838773,-0.7754195584962099
2003-05-01,-0.43016017643227833,0.24111213879752147,-0.3716255502517952,0.9670612906638341,-0.5936376287433783
2003-06-01,-1.4617153553741975,0.17542013406827694,-0.4217288937836334,1.2101520818395226,-0.7621126699299903
2003-07-01,-1.271732863708172,-0.25918712490106177,-0.45967950823445825,1.7221368282840912,-0.886808018604158
2003-08-01,-1.334444000694897,0.5209610990113046,0.2635347451562572,1.744608824379285,-0.6390166444691049
2003-09-01,-1.2519201944251572,-0.9722945669022728,-0.6186439754454913,1.5073391670545653,-0.5970079394961726
2003-10-01,-1.4753106178081756,-1.3403624709520785,0.04189261721147247,1.3333228482598765,-0.34460654673494545
2003-11-01,-1.5244846664119311,-0.8117953143080443,0.5493664725843902,0.6795793832252334,-1.0060305253475137
2003-12-01,-1.0663870066222638,-0.8439698120476687,0.689304058798378,0.44471238343016617,-0.8283681736884546
2004-01-01,-1.1629309483986185,-0.42140698852665287,0.30135405235657975,0.10399838791055038,-0.8585678541111589
2004-02-01,-1.2237824021206076,-0.5112308527437991,0.7676427040541898,0.02995973807796304,-1.0196655350746346
2004-03-01,-1.4346794547019295,-0.34587426969475876,0.8057778455851885,0.6432946896994914,-0.7270253750092766
2004-04-01,-0.9001079898879366,-0.7595288209974711,1.0464650289401174,1.818921206125588,-1.1253665914037692
2004-05-01,-0.3634888653613725,-0.1616807574185008,0.7620786228239533,1.3382350767994668,-0.9108598897957062
2004-06-01,-0.4595418665321915,0.1395227483009715,0.5398493108773068,0.6245486913573105,-0.7924434085236688
2004-07-01,-0.09593916774351574,-0.023525185033869023,0.657156027883201,1.476900224547037,-0.9651197215137388
2004-08-01,-0.06897139536810451,0.978404362429774,0.5264146493343456,0.6921709551004892,-0.5536287418463035
2004-09-01,-0.2012474387727842,0.9444540250465646,0.10160981102709152,1.179041568785852,-0.8137279289878454
2004-10-01,-0.24510336203112412,0.5522419787483054,-0.8380139707874876,0.4523338260791477,-0.6002463397638523
2004-11-01,0.19388470791504842,0.5121925217700145,-0.9281284151081828,0.7363775618419912,-0.06841234170470073
2004-12-01,0.4590765351059554,0.9321790585540899,-0.2980326234170079,1.7593227197862067,-0.9378492344080632
2005-01-01,0.6540206717798261,0.4162855443747705,-0.2423308528341674,1.3521868729291584,-0.234683562552457
2005-02-01,0.8260540585911345,0.5029186078682686,-1.162831710754042,1.924488464582624,0.6525544154437721
2005-03-01,0.6073207647649782,0.5326571044663478,-0.3697826293313907,1.8632825460219182,-0.4538032788860655
2005-04-01,0.7556003224227762,0.5404866661479493,-1.050433809952147,0.701513913583297,-0.18412961403178002
2005-05-01,0.3517289198646224,0.22496517837816815,-1.1517976107226915,0.6090991741308631,-0.19939775498915696
2005-06-01,1.466128852733172,0.009534063111124652,-0.6504632049155628,0.11495082804241685,0.1796397455712409
2005-07-01,1.0050140922107618,-0.7074820508884464,-0.6973806381655244,1.0042699729181916,-0.4828903222225234
2005-08-01,1.2623599405122874,-0.5905887478363362,-0.3633005506798629,0.814529058860515,0.8866920786233029
2005-09-01,0.7676810959571213,-1.0795958322552524,-0.13017635898601826,2.2333736007233362,0.11532580546480631
2005-10-01,1.1291148562030657,-0.8440129988308115,-0.01859634589945877,1.2547843464048016,0.7924259822427042
2005-11-01,1.036730666108147,-0.9917216872700703,0.7894927687012049,1.364006157237278,0.28178607029625535
2005-12-01,1.6386331972500354,-0.6214145135172713,-0.050101449588803915,1.1650519471457872,0.7024475448461978
2006-01-01,0.7286270606082251,-0.5135347180621317,0.7814870570188777,0.7501420974609099,0.9618910127613914
2006-02-01,1.2429334883921532,-0.7220463996276639,0.5179514021394368,0.016310825173405652,1.1245290302996738
2006-03-01,1.2725197026811714,-1.0649939619052178,0.30345203721728375,0.0474351907331485,0.5135045626283308
2006-04-01,0.6336995118954549,-0.15415423087232383,1.2389548425703678,1.4972490168991608,0.94982788958247
2006-05-01,0.6842621804222698,-0.7760215346437177,1.3490221168471324,0.6904848495200042,1.0711022538062154
2006-06-01,0.4365619527620536,-0.503454242700065,0.7531024913920223,1.8194979135209315,0.9366676762650175
2006-07-01,0.3821790593780192,0.4909736165130547,0.5172944338897385,1.4825435569538514,0.9857955611758255
2006-08-01,0.6951102150771885,0.23570213610772722,1.071708179137694,2.279281234806005,0.6309314963030993
2006-09-01,0.247091522062677,0.9361124050072258,0.8740735429298838,0.6853297144905275,0.5849240277662594
2006-10-01,-0.06271948576362474,0.25586963682189323,1.2377272125390046,0.627332494343901,0.7472199649884572
2006-11-01,0.06578416959288597,1.2353421506133362,0.13554849619253695,0.5752750732965903,1.0278170653622143
2006-12-01,-0.2717688834494295,0.13085227533316568,-0.028978146197111948,0.9796849691177836,0.5707665648645583
2007-01-01,-0.489975510881538,0.33131684057272154,0.18579885010557332,1.1999559526321022,0.5560975747571884
2007-02-01,-0.04567627996465412,0.818898508437896,-0.3970729780899911,1.4141464621947046,0.7421349526209267
2007-03-01,-0.7122397207210456,0.383343719022464,-0.32233843666947615,2.0181703683296446,1.1736825110980773
2007-04-01,-0.8032038891578634,0.5828077469949025,-0.5215936990714949,0.770120091055391,0.6432496070972584
2007-05-01,-0.36092301103877295,0.9025911421265009,-0.9097842461373861,0.749453989921555,1.078224023072177
2007-06-01,-0.9227830388536953,0.5044514863903453,-0.767052558913715,1.142269626902153,0.6067914938031574
2007-07-01,-0.9730658786535676,-0.4486773874746307,-1.071625121749533,0.2981433611432579,0.8905557141318772
2007-08-01,-0.8564445944497141,0.08056525625212488,-1.0069595577461379,0.10776314507559498,0.5813718170399769
2007-09-01,-1.2944044399152679,-0.31230851330145043,-0.20879133829866348,1.2617728101228827,0.6294732901813587
2007-10-01,-1.3802621092422238,-0.14472283189321017,-1.3583195989012393,0.20841188146260814,0.5880517914582731
2007-11-01,-0.6137591557454203,-0.8064659827136766,-0.7519509018117068,0.7963844788919152,0.47257491093003123
2007-12-01,-0.9705779348658189,-1.016653230560797,-0.6833525317699086,1.8167336737803808,0.28836089438738677
2008-01-01,-1.446651596742251,-0.9472776925685715,-0.2843400323096278,1.512998380689405,-0.34788304562849615
2008-02-01,-1.3222551048450681,-1.1986522899505678,-0.377787971270379,0.8870999035685071,0.14882103785228726
2008-03-01,-0.4545096673393446,-0.5896512309187505,-0.13004734170068177,0.12362099666829562,-0.1520353994522824
2008-04-01,-1.6560382767817448,-0.38872699054225757,-0.02092665673763966,0.06492961979996711,0.17566255418282306
2008-05-01,-0.9868444077012988,-0.011726714070006361,0.2182726348029448,0.27185611914788765,-0.8424188626777821
2008-06-01,-0.5638029731874972,-0.019084876739425327,-0.15958928886768542,0.6140382718415756,-0.18693858612465966
2008-07-01,-1.2609048484073393,0.07294914600212465,0.06367666288975848,1.1443971975014375,-0.1102139369107652
2008-08-01,-0.8249244284154855,-0.16949993153351656,1.2297916784153708,1.2880357949714023,-0.24558595008498207
2008-09-01,-0.3670281374712232,0.4061800733926513,0.9951661628615729,1.4466432337601867,-0.5571020050199105
2008-10-01,-0.38942411973131374,-0.3312926695429074,0.38567434321695293,1.059552835613125,-0.5611267538726827
2008-11-01,-0.37414984925176803,1.0038678203381695,1.8116545421884909,0.28329525502284136,-0.33854279540017385
2008-12-01,-0.008882624949742846,0.478869483485055,0.9167008143589898,0.47632579564700256,-0.8755529673698371
2009-01-01,0.12258655785855228,0.968528897959703,1.0033683880989122,0.013107709448464316,-1.2631995695955545
2009-02-01,0.1510160008565002,0.816106171082617,0.5753385591197308,0.3771457432137273,-0.5838365668643325
2009-03-01,0.3567260209409463,1.084586962867712,-0.37372056328754244,1.0075940062307949,-1.5817275904072003
2009-04-01,0.28698938584519196,1.1271884466959654,-0.13674530761921994,1.3210146102693416,-1.1124705617211017
2009-05-01,0.27840256021696796,0.31662646709351555,-0.4254130553460115,1.5337845893711801,-0.49818296561294123
2009-06-01,0.6416953118067551,1.1527278037606212,-0.20099692512509157,0.5513573249837417,-0.5028960826416791
2009-07-01,0.5071156494527598,0.7192144406633801,-0.33564317652898484,1.5577649218817153,-1.0908263766681183
2009-08-01,0.9937237605646735,0.35541148412101287,0.10920342327585131,0.24516170190790765,-1.2963481713014842
2009-09-01,0.9856950332152052,0.532030326289086,-0.9981803729136526,1.011512275011299,-1.016312709497181
2009-10-01,0.9869759719009821,0.36677284485045153,-1.5628772906816772,0.023310239162209923,-1.1032344961575147
2009-11-01,1.0808777844742101,-0.06999103769306886,-0.9169906965614493,0.6066480633946153,-0.9451811665669373
2009-12-01,1.7413923578780275,-0.4097192085638187,-0.834318989638907,1.328959966506275,-1.057576461135615
2010-01-01,1.3368641772543504,-0.6888866187865201,-1.0627639834904374,0.9926340892235571,-0.42716619357763097
2010-02-01,1.3988147808592142,-0.5441084731545343,-0.6495041866340431,0.4630315293547178,-1.0446760829091388
2010-03-01,0.8042866107209095,-1.2151946063482306,-0.5653580012346549,1.7809600996123078,-0.4167229313688906
2010-04-01,0.897888236735348,-1.024156514795605,-0.7026002035442453,0.7085756739714475,-0.6881226412976935
2010-05-01,1.279604631036029,-0.8442745292998332,-0.25638813215917977,0.05515038298850844,-1.010729881656717
2010-06-01,1.0901356579249724,-0.35760291124230853,-0.5971628863424496,0.11236477992038983,-0.4169763682269805
2010-07-01,1.3226895926270148,-0.09712001361250716,0.6721790017010769,1.1019748560595792,-0.4939007936644285
2010-08-01,0.9875784207004553,-0.5504808774700731,0.48365684584997176,1.586152288999934,0.42458371857184823
2010-09-01,1.1438533112597233,-0.03352457969690675,0.9312965034319585,1.0396215286573818,-0.19246737376325682
2010-10-01,1.0133769509040607,-0.5152866529177338,-0.35660923946052736,1.9453249002298079,-0.520958101134858
2010-11-01,0.22242936231043825,-0.07484281191372458,0.2915989453368142,1.3076179720135943,-0.21314519777604896
2010-12-01,0.495855365563898,-0.1717956327765754,0.7662693289700591,0.955385363536837,-0.02641629491301878
2011-01-01,0.27325023680508453,0.0757293508573274,1.0332880009547718,1.7233648132086832,0.05483786533903798
2011-02-01,0.2753725561472408,0.02325398628164288,0.6552276065367982,0.8999184682671076,-0.022438297306900334
2011-03-01,0.15741605839566175,0.5551313964407782,1.024420899926004,0.05348382353853787,0.6038189378670333
2011-04-01,-0.27959361486767176,1.8133186868746267,0.5672414142338891,1.2497657772281454,0.4648037942601809
2011-05-01,-0.7481608548146355,1.187634306105062,1.040932928094032,1.6681780399413733,0.02171652597646323
2011-06-01,-0.44171653948961287,1.7845041428091606,0.04277849755662719,0.43141385029123347,0.623829552018528
2011-07-01,-0.21688665556259457,0.8560070384078918,-0.06100995271452724,1.0662797491291724,0.43736356669448634
2011-08-01,-0.6404437557410326,0.30101044970355145,-0.27127495088890763,1.7085361919165876,0.6779741173426354
2011-09-01,-0.5856929579595904,0.4368207094478863,-0.25893940056671266,0.9842219102184497,0.5403490185368608
2011-10-01,-0.5188045077350544,0.7224896232157549,-0.2747332732875622,0.1861465945739459,1.1351989235860447
2011-11-01,-0.6707416092694054,-0.1088029709476214,-0.5556356054491988,0.049624022215041565,0.35656644347116984
2011-12-01,-1.818734864531546,0.03503979275329705,-1.250129067211267,1.5081716563525083,1.0277676353392593
2012-01-01,-0.8431943261911734,-0.3581434820262074,-1.183133451168756,0.6068316162286918,0.48735849151362415
2012-02-01,-1.8238704595458621,-0.3164416510459074,-0.9546606074314823,1.8734746692657964,1.656823677690479
2012-03-01,-1.0345760327256712,-0.5187913975566181,-0.6352017897192946,0.8099461922664681,0.7400581210734758
2012-04-01,-0.795443129355105,-1.0437356536889624,-0.7998705002936753,2.129418966677352,1.2071908075981193
2012-05-01,-0.671664961971045,-1.1259217405774504,-0.34090421828467427,1.0211474847469162,1.001469904599567
2012-06-01,-1.005165202667573,-0.965289412063128,-0.8368065677985375,0.3082211356996035,0.7849733243384274
2012-07-01,-1.0037933613411356,-1.0235404402246107,0.16579614451472546,0.5100854345198012,0.9626156941098818
2012-08-01,-0.8147847431264197,-0.2520287141964617,-0.042866082354649504,0.18937588588811288,0.8020454651458103
2012-09-01,-0.8941808109199828,-1.2216119067339897,-0.5543529003836627,0.3892913743225674,0.2202137452564143
2012-10-01,-1.033397190889041,-0.4967085921519205,0.3464360781838114,1.0251883529186279,0.2741860826513685
2012-11-01,-0.12246553618255152,0.28645711483875635,-0.025988033451728065,0.7745171792238482,0.4898526877042338
2012-12-01,-0.2585898895397044,0.028957893970716513,0.9266797204492538,0.8239679597306422,0.6145707847592737
2013-01-01,-0.5130318143490459,0.9477041402411489,0.6942555764889059,2.174976414902256,0.2433283577453984
2013-02-01,-0.565032836384199,0.49632484100059826,0.5601905143573083,1.4500486136725417,0.3312997788430089
2013-03-01,-0.25561263369287474,0.41172829625758994,0.4942360502897435,1.1667340335633398,0.16073264266931775
2013-04-01,-0.2683850343350231,0.15039488014712787,0.9702054006291099,0.36541722695858225,-0.03165539217722363
2013-05-01,-0.48783600430720403,1.025739111075616,0.9253787941097462,0.8155909640786518,0.4814035843705378
2013-06-01,0.46908372510778545,1.4822171113399603,1.0768594530446474,1.2344202909339677,-0.3805666565282695
2013-07-01,0.17442003819402063,1.3700771356502988,0.7444476602984693,1.6886966009397983,0.12262168204399948
2013-08-01,0.4399023451288952,0.8961148173288417,0.9196267996747693,0.9697360987946823,-0.19971065077092306
2013-09-01,0.8290746105083229,0.445136558609038,0.5927110327508559,0.977194176261609,-0.5173891781618418
2013-10-01,0.6517656209117403,0.3538071399890442,0.5223520989943907,1.322268652059077,-0.7681503389160576
2013-11-01,0.40124144926848554,0.32662505704687883,-0.31012345769648897,1.406833919864742,-0.8192127458387644
2013-12-01,0.6242867282512788,0.9352142463379357,-0.2689603595136599,0.15776391756134112,-0.4162335430745537
2014-01-01,0.9134153401658491,-0.41333944799513583,-0.6804114899183016,0.3502571985188015,-0.2740014020016086
2014-02-01,1.4317186580647676,0.2446106920425561,-1.1407819293657897,0.8487139889072535,-0.7211348697320803
2014-03-01,1.5221616281170283,-0.2603290141519583,0.020007709193943124,0.5842519433519815,-0.6944882737628769
2014-04-01,1.428631658308203,-0.8927804398402376,-0.33842141714976504,1.06644381733527,-0.7590160442293621
2014-05-01,1.3176324570869309,-0.5594683900993553,-0.7543035663273356,1.0571546733041235,-1.2899382681839482
2014-06-01,1.1869883082921218,-0.36846129280241324,0.03952556463923351,1.9512006988362551,-1.2203352599570996
2014-07-01,1.611102031702914,-1.081345205743928,-0.006987788186976318,0.7273835468550446,-0.7850449717933587
2014-08-01,1.6676416022481138,-0.6789468209834018,-1.4311409087383486,0.9796596523382499,-1.1958935398924275
2014-09-01,1.3247921280772028,-0.10441806088651207,0.2899952494000875,0.3684874115701209,-0.91468344492383
2014-10-01,0.8142592306395771,-0.33649769295767845,-0.45076213155261424,0.2419680023464447,-0.38139290510631596
2014-11-01,1.1885121880491323,-0.13801172263095807,0.34052898982152113,1.1616621155799165,-1.1808193759219683
2014-12-01,0.8410953311163587,-0.09843481822477884,-0.20418500793571726,1.3234822857457045,-0.5385717971630304
2015-01-01,1.2209326408924275,0.045050586846356294,0.22951847901211075,1.5133749351090726,-0.7368229872975467
2015-02-01,0.5815793766882418,-0.2270664157887047,-0.2829009700964625,0.9629549446550437,-0.9765535338422278
2015-03-01,0.22376865002409746,-0.07329734164785526,0.42216681659821886,1.1095254428065167,-0.814762566023364
2015-04-01,0.24723501082659868,-0.010862619846218446,0.5421461263412763,2.071407673356359,-0.6098008718640735
2015-05-01,0.20920093248023758,-0.0749344181000664,0.8825680389572549,0.6542696930595615,-0.8908249382570386
2015-06-01,-0.09578744829307259,0.35185536949214263,0.7118294743024645,0.36567152153741717,-0.6572873687439207
2015-07-01,-0.04941541248441075,1.1456239570447244,0.9617605820754627,0.42983982656521225,-0.7148456827347688
2015-08-01,-0.5788599971518856,0.3087281302798601,0.9852240204921161,0.5744174552392419,-0.6967697283945217
2015-09-01,-0.7815317079308137,1.1651086561251711,1.0755913437819289,1.77441181673164,-0.3844128029465329
2015-10-01,-0.7165592364734197,0.9758300916415429,0.44129990835609534,1.2219539711494087,-0.5864204754730183
2015-11-01,-0.9193184882877639,0.4977575959386469,0.6764464673265123,2.3120815577385816,-0.6194893531436987
2015-12-01,-0.31517697707231446,0.32626506176918696,0.5667824719169992,0.6367369638912297,-0.7020202627097522
2016-01-01,-0.9174303158647084,0.33394659034716473,-0.019111128418768462,0.18344238611273556,-0.08030338168321108
2016-02-01,-0.16575888046904907,-0.06357527042946526,-0.5943537838975143,0.23744843767795243,-0.2505999359787803
2016-03-01,-0.9937166756146534,0.3063144277149681,0.013587745507497695,0.30713854391250095,-0.2203703407322063
2016-04-01,-1.4041079301112105,0.06135283594548152,-0.6887603215972795,0.9430205755288594,-0.10167249081602545
2016-05-01,-1.0369871652173992,-0.8095452745879015,-0.4461905637330309,1.5510428086686248,0.5416916822944842
2016-06-01,-0.9679338390663474,-0.8376763835781112,-0.999148793820444,1.7016291159084886,0.6080525708086981
2016-07-01,-1.19432554444599,-0.6426035331826654,-1.2029114831701206,1.840671130744968,0.35819432458496936
2016-08-01,-1.3849166582194308,-0.5371978204880121,-0.9454739145813975,1.9699626009680338,0.032439154861484576
2016-09-01,-0.8644878442039599,-0.738798585240564,-1.9204747415383165,0.8531394496378771,0.028026181895875912
2016-10-01,-0.9302087067292383,-1.523092936392732,-0.1448317267428415,0.9592985433634993,0.5600835507498632
2016-11-01,-1.0378469733546591,-0.5423953252349056,-1.1547617938640615,0.044300140108398334,0.22782159656809003
2016-12-01,-0.9055788045537569,-0.5445269516013388,-0.3746213310885125,0.7454946287131695,0.9030580074972462
2017-01-01,-1.014789804747478,-0.35150991417168603,-0.8449743152194427,1.1965580781036729,0.7675659654170953
2017-02-01,-1.1601688601381228,0.14311706043092215,0.05650343652963816,2.034849908390031,1.3904889606438873
2017-03-01,-0.7145381446869195,0.020646381400351813,0.5189666994292009,1.3571625877115967,1.3058332726029276
2017-04-01,-0.26489883849028173,0.000506425466024446,0.581888014806661,0.7671804697477267,0.45602250306237524
2017-05-01,-0.6662443829172449,0.20740568389526184,0.5065908315483668,1.256711564504557,0.8965437636041925
2017-06-01,-0.13019032074577117,0.4258188825152905,0.883743645767661,0.8932076864187448,0.7384443016275032
2017-07-01,-0.5148788878346717,1.1658180595683658,0.9591117313903765,0.5280683743863981,0.37648194286282965
2017-08-01,-0.28339453748732363,0.8180233811461416,1.3668384996401803,0.4697360937091254,0.7507713020902893
2017-09-01,-0.17636351460031915,0.8462539442673701,0.384533935845346,0.5685659068408426,1.0183804450066969
2017-10-01,-0.14975473749902615,0.7067849958326119,1.2917341675887486,1.2488261670811447,0.6372884007744406
2017-11-01,0.3077625586064448,0.6567628391723683,1.2496331104294889,0.9489044582839778,0.9139157914486267
2017-12-01,0.031512437441832575,0.7072622637939062,0.5993683858391409,0.7560525755706694,0.7947083715788493
2018-01-01,0.5714980254601328,1.2604990025810463,0.23408863275317715,0.9127240265397807,0.7260202845794186
2018-02-01,0.39939418777652524,0.9452246173191188,0.5483231868637769,0.6709223227354252,0.42329090215504783
2018-03-01,0.6581256438136449,0.5219530616783064,0.15538912899579632,0.04975016202933269,0.1668704181852077
2018-04-01,1.1931819452933579,-0.14702246346086772,0.5215531838984865,0.1499109870537222,0.8547350276944907
2018-05-01,1.3535797887254215,0.6597393913924803,0.24533068003428965,0.9284660406763785,0.718513824926458
2018-06-01,0.8763502737125765,-0.029905292323671673,-0.842654565748383,0.22741877128534238,0.6935262406463014
2018-07-01,1.1669664510734041,-0.6540296995788446,-0.6686485203375403,0.6041925738431618,0.07900482938178868
2018-08-01,1.2293568525465766,0.23211585100280907,-0.7181731537933183,1.1366118315593055,0.12604772191296354
2018-09-01,1.2423344763448465,-0.3822748989134751,-0.4372291396470861,0.6263315534607099,-0.5531270395068784
2018-10-01,0.9206741557674929,-0.9497069450501652,-1.4852610181842356,1.4512858631670522,-0.002371940544224696
2018-11-01,1.236426839512351,-0.4784098241673625,-1.0133645446462816,0.7987257277134954,0.11549086855294988
2018-12-01,1.0224485824747225,-0.8858901275867705,-1.0748533522365995,0.19070886605958393,0.22644396369267059
2019-01-01,0.9225990772771252,-0.6234869122053767,-0.7906589720490588,0.06102082697976464,-0.5396575779149035
2019-02-01,0.6704099364872957,-0.4380279976462871,0.02036195274180319,0.7244556240650234,-0.3004929725169733
2019-03-01,1.068473152748139,-0.7135905106556149,-0.5356321220718425,1.5206262725003914,-0.4866060243016787
2019-04-01,0.7890962542180167,-0.6160825388108337,-0.8920251033260385,1.4418142326176868,-0.3342470926151082
2019-05-01,0.6966704797330324,0.14242836296125755,-0.5568200247534141,1.030158808299721,-0.5426013317149453
2019-06-01,0.764849010367368,-0.21844285645660358,0.2687743948982917,1.963801668308684,-0.3883057444121854
2019-07-01,0.5362317823307645,-0.5816735980334385,0.14591443415054703,1.7381647091717245,-0.5594542379096273
2019-08-01,0.02021396444863105,-0.13069754461095096,0.9614882139130023,0.09953200691401465,-0.6452579984640366
2019-09-01,0.06738887878021359,0.5340101903211255,0.9860973570706517,0.21956877139485204,-1.1127271626738273
2019-10-01,0.14158253938965987,1.306776424635439,0.2026509085671523,0.5661204305035636,-0.8708454032761992
2019-11-01,0.40593241642349026,1.0978060888289822,0.9729062477308978,0.05473202202076477,-0.7462996688967976
2019-12-01,-0.7942112568027226,0.7627010135651824,0.4797030549290777,1.1425031480257064,-0.7643973093442419
2020-01-01,-0.44006480737638004,0.22399235842821585,1.0571817195353796,1.8128016967623888,-0.23410017791082816
2020-02-01,-0.9733673821405084,0.6640533667212932,0.05284141627538763,1.319724991915699,-0.935572425350384
2020-03-01,-1.0502065150547528,0.8526578693481879,0.8855516917961154,1.432956734217463,-0.9133519855556905
2020-04-01,-0.767461331485377,0.33175122111428773,0.5396875595225022,0.2982120803103634,-1.1909596719378692
2020-05-01,-0.8890099977238473,0.2400087053011319,0.4137244691102498,1.1109674079212464,-0.7823818295950586
2020-06-01,-0.7267200464608503,-0.2407628880533698,0.7009518332515499,0.08563449811082229,-1.096521064455397
2020-07-01,-0.9178483073695192,-0.5061549299324808,0.10469599172801805,0.40503005890176996,-0.8732751159431563
2020-08-01,-0.8838605571868288,-1.0395207974014524,-0.15973436192997406,0.2617116188515187,-0.6501256630095708
2020-09-01,-0.8521688267862666,-1.6387435311278553,-0.4777758582036247,1.9124850358149756,-0.5710238278438641
2020-10-01,-1.5668267283039563,-0.7228628919220246,-1.032069907511302,1.0493576865525243,-0.6729969878929287
2020-11-01,-1.1049571117805828,-0.14802612622363542,-0.12712292321807972,1.567010764455475,-0.6844940852281881
2020-12-01,-1.1758316161105504,-0.8857014138006748,-1.1462690358201173,0.7471414461883068,-0.5400419139298015
2021-01-01,-1.6843962850317111,-1.2166472423895338,-0.9626462379162117,0.8690469160298429,-0.37544569124306554
2021-02-01,-1.0980703098602569,-0.5969641894813681,-0.42009434232705345,0.4300031774976745,-0.37387333324648814
2021-03-01,-0.45250390031080767,-0.506686571454637,-1.3161811991725496,0.4646621700432819,0.0865238756187785
2021-04-01,-1.0006514047473154,-0.3759620291471984,-0.4095861884007724,0.014798840972522709,-0.3474082394891104
2021-05-01,-0.7205900376900143,-0.6575921297302929,-0.9183514540698565,0.7418223065782032,0.1718855733968774
2021-06-01,-1.2688493423319658,-0.10970887984826061,-0.4631932140753789,1.101309165270935,-0.5916984743810123
2021-07-01,-0.6179720377305874,0.02725002813710405,-0.05585671502805889,2.009586153606473,0.40403679465767206
2021-08-01,-0.5578000561912362,0.236023445567006,-0.012537636568223126,1.55507757624589,0.7343168214211826
2021-09-01,-0.033143644278332995,1.0460287892668656,-0.17839062589881316,0.998862582361806,0.15206470003556102
2021-10-01,-0.41668577906903403,-0.36602657008510053,-0.2500298580472635,0.918641687558641,0.39552565353303204
2021-11-01,0.22519815042488484,1.2209143321786438,1.291772648705387,0.5788291099795385,0.5119648742549547
2021-12-01,-0.01919652965822429,0.3446834825713785,0.8875027713344007,1.1457991947219228,0.5925612163460597
